{
  "header": [
    {
      "name": "name",
      "title": "Name",
      "sortable": true,
      "sortDir": "asc",
      "size": 200
    },
    {
      "name": "company",
      "title": "Company",
      "sortable": true,
      "clsColumn": "d-none",
      "cls": "d-none"
    },
    {
      "name": "office",
      "title": "Office",
      "sortable": true,
      "size": 250,
      "clsColumn": "d-none",
      "cls": "d-none"
    },
    {
      "name": "age",
      "title": "Age",
      "sortable": true,
      "format": "int",
      "size": 60
    },
    {
      "name": "date",
      "title": "Date",
      "sortable": true,
      "format": "date",
      "size": 100,
      "clsColumn": "d-none d-table-cell-md",
      "cls": "d-none d-table-cell-md"
    },
    {
      "name": "salary",
      "title": "Salary",
      "sortable": true,
      "format": "money",
      "size": 100
    }
  ],

  "data": [
    [
      "Merrill Hartman",
      "Placerat Cras Dictum Foundation",
      "Barasat",
      21,
      "2009/07/05",
      "$8,969"
    ],
    [
      "Hayes Christian",
      "Vehicula Et Rutrum Corp.",
      "Canela",
      24,
      "2006/08/27",
      "$9,726"
    ],
    [
      "Armand Mclaughlin",
      "Ornare Placerat Limited",
      "Saint-Remy",
      63,
      "2005/12/06",
      "$8,174"
    ],
    [
      "Brenda Clements",
      "Sociis Natoque Penatibus Consulting",
      "Swan Hill",
      45,
      "2008/06/27",
      "$5,662"
    ],
    [
      "Maisie Andrews",
      "Fames Ac Industries",
      "Perth",
      53,
      "2008/09/11",
      "$7,206"
    ],
    [
      "Amy Roman",
      "Nullam Scelerisque Neque Limited",
      "Rycroft",
      57,
      "2006/07/17",
      "$7,050"
    ],
    [
      "Selma Klein",
      "Integer Id Corp.",
      "Gellik",
      48,
      "2009/10/28",
      "$6,122"
    ],
    [
      "Joan Beasley",
      "Facilisis LLP",
      "Berlin",
      24,
      "2017/06/25",
      "$8,827"
    ],
    [
      "Marshall Cohen",
      "Lorem Vitae Incorporated",
      "Saharanpur",
      36,
      "2002/05/02",
      "$6,637"
    ],
    [
      "Jesse Alvarez",
      "Urna Institute",
      "Erpion",
      21,
      "2003/02/24",
      "$6,877"
    ],
    [
      "Erica Roth",
      "Vitae Risus Duis LLP",
      "Kitchener",
      41,
      "2000/06/02",
      "$8,178"
    ],
    [
      "Jerome Cardenas",
      "Phasellus Elit Pede Company",
      "Dufftown",
      61,
      "2008/01/25",
      "$9,012"
    ],
    [
      "Hamilton Hatfield",
      "Dolor Limited",
      "Mostazal",
      53,
      "2017/11/21",
      "$6,247"
    ],
    [
      "Samuel Wagner",
      "Sodales Nisi Corp.",
      "Linlithgow",
      26,
      "2013/07/20",
      "$5,388"
    ],
    [
      "Cruz Paul",
      "Phasellus Limited",
      "Gierle",
      46,
      "2007/05/12",
      "$8,817"
    ],
    [
      "Mikayla Paul",
      "Ac Facilisis Facilisis Company",
      "Ife",
      26,
      "2009/07/14",
      "$5,747"
    ],
    [
      "May Blankenship",
      "Sed Dolor Fusce Foundation",
      "Lasne-Chapelle-Saint-Lambert",
      62,
      "2005/09/12",
      "$6,624"
    ],
    [
      "Octavia Decker",
      "Amet Lorem Semper Institute",
      "Sankt Wendel",
      22,
      "2012/05/05",
      "$5,745"
    ],
    [
      "Kelly Stuart",
      "Orci Lobortis Inc.",
      "Clermont-Ferrand",
      31,
      "2009/01/26",
      "$8,767"
    ],
    [
      "Nathaniel Cote",
      "Nec Corporation",
      "Daiano",
      27,
      "2010/11/12",
      "$5,212"
    ],
    [
      "Claudia Rosales",
      "Neque LLC",
      "Recco",
      63,
      "2003/02/17",
      "$5,023"
    ],
    [
      "Oren Mccoy",
      "Mauris Incorporated",
      "Rollegem",
      52,
      "2019/03/17",
      "$5,302"
    ],
    [
      "Alec Hawkins",
      "Metus Vivamus Euismod Consulting",
      "Laramie",
      48,
      "2017/12/21",
      "$5,935"
    ],
    [
      "Thor Allen",
      "Urna Nunc Consulting",
      "Machelen",
      20,
      "2003/05/29",
      "$8,463"
    ],
    [
      "Reed Pierce",
      "Fusce Institute",
      "Diegem",
      63,
      "2010/02/07",
      "$9,650"
    ],
    [
      "Rahim Gibson",
      "Tortor Corporation",
      "Greymouth",
      51,
      "2014/08/26",
      "$6,885"
    ],
    [
      "Ruth Bass",
      "Maecenas Iaculis Inc.",
      "Castellana Sicula",
      34,
      "2013/08/02",
      "$7,531"
    ],
    [
      "Kuame Sheppard",
      "Cras Interdum Consulting",
      "Castelluccio Superiore",
      61,
      "2012/10/25",
      "$6,249"
    ],
    [
      "Irma Young",
      "Enim Nisl Elementum Corporation",
      "Swan Hills",
      29,
      "2013/10/27",
      "$9,833"
    ],
    [
      "Thane Rojas",
      "Et Pede Nunc Limited",
      "Pomarolo",
      61,
      "2019/02/01",
      "$7,710"
    ],
    [
      "Zahir Benson",
      "Condimentum Foundation",
      "Konstanz",
      34,
      "2017/04/22",
      "$8,101"
    ],
    [
      "Lysandra Alexander",
      "Rutrum Magna LLP",
      "San Polo d'Enza",
      59,
      "2003/05/27",
      "$9,830"
    ],
    [
      "Kiona Crosby",
      "Felis LLP",
      "Rugby",
      39,
      "2002/08/30",
      "$5,653"
    ],
    [
      "Cathleen Foster",
      "At Velit Cras Ltd",
      "Baltasound",
      54,
      "2018/09/15",
      "$7,932"
    ],
    [
      "Charity Good",
      "Pharetra Institute",
      "Völkermarkt",
      42,
      "2003/08/31",
      "$6,562"
    ],
    [
      "Hasad Williams",
      "Sed Foundation",
      "Gudivada",
      65,
      "2013/05/30",
      "$6,970"
    ],
    [
      "Christian Middleton",
      "Tempor Lorem Eget Inc.",
      "Virginal-Samme",
      54,
      "2005/08/26",
      "$7,457"
    ],
    [
      "Wynne Cotton",
      "Velit Dui Semper Industries",
      "Solre-Saint-GŽry",
      23,
      "2009/04/13",
      "$5,506"
    ],
    [
      "Jaquelyn Hamilton",
      "Enim Foundation",
      "Pedace",
      46,
      "2015/01/23",
      "$8,129"
    ],
    [
      "Jacob Morin",
      "Malesuada Integer LLC",
      "Caxias",
      20,
      "2013/10/16",
      "$5,930"
    ],
    [
      "Calvin Suarez",
      "Sit Amet Limited",
      "Maizeret",
      23,
      "2010/09/04",
      "$5,757"
    ],
    [
      "Roanna Neal",
      "Tempor Bibendum Donec Associates",
      "Vallenar",
      22,
      "2005/10/17",
      "$6,999"
    ],
    [
      "Nathaniel Delgado",
      "Aliquet Phasellus Incorporated",
      "Augusta",
      23,
      "2013/05/22",
      "$5,264"
    ],
    [
      "Camille Malone",
      "A Company",
      "Paal",
      45,
      "2018/01/01",
      "$5,355"
    ],
    [
      "Kenneth Carpenter",
      "Suspendisse LLC",
      "Onitsha",
      31,
      "2006/12/19",
      "$6,061"
    ],
    [
      "Aspen David",
      "Vulputate Limited",
      "Cambridge Bay",
      27,
      "2012/04/30",
      "$6,682"
    ],
    [
      "Shay Conway",
      "Donec PC",
      "Bracknell",
      42,
      "2016/03/27",
      "$7,870"
    ],
    [
      "Charles Hoover",
      "Nulla Foundation",
      "Holman",
      44,
      "2001/10/10",
      "$5,431"
    ],
    [
      "Dillon Green",
      "Nibh Donec Est Incorporated",
      "Forfar",
      51,
      "2019/02/17",
      "$6,083"
    ],
    [
      "Timothy Luna",
      "In Ltd",
      "Asansol",
      19,
      "2017/08/06",
      "$8,543"
    ]
  ],

  "footer": []
}